
Setting environment for using XAMPP for Windows.
user@DEEP c:\xampp
# mysql -u root -p
Enter password:
Welcome to the MariaDB monitor.  Commands end with ; or \g.
Your MariaDB connection id is 8
Server version: 10.4.28-MariaDB mariadb.org binary distribution

Copyright (c) 2000, 2018, Oracle, MariaDB Corporation Ab and others.

Type 'help;' or '\h' for help. Type '\c' to clear the current input statement.

MariaDB [(none)]>
MariaDB [(none)]>
MariaDB [(none)]> show databases;
+--------------------+
| Database           |
+--------------------+
| bank_data          |
| information_schema |
| mysql              |
| performance_schema |
| phpmyadmin         |
| practice           |
| pydb               |
| python11am         |
| python2pm          |
| python3pm          |
| python7pm          |
| python9am          |
| test               |
| world              |
+--------------------+
14 rows in set (0.027 sec)

MariaDB [(none)]> use python11am;
Database changed
MariaDB [python11am]> show tables;
+----------------------+
| Tables_in_python11am |
+----------------------+
| fees                 |
| person               |
| student              |
| temp                 |
+----------------------+
4 rows in set (0.000 sec)

MariaDB [python11am]>
MariaDB [python11am]>
MariaDB [python11am]> use world;
Database changed
MariaDB [world]> show tables;
+-----------------+
| Tables_in_world |
+-----------------+
| city            |
| country         |
| filter_city     |
+-----------------+
3 rows in set (0.000 sec)

MariaDB [world]> drop database world;
Query OK, 3 rows affected (0.135 sec)

MariaDB [(none)]> show databases;
+--------------------+
| Database           |
+--------------------+
| bank_data          |
| information_schema |
| mysql              |
| performance_schema |
| phpmyadmin         |
| practice           |
| pydb               |
| python11am         |
| python2pm          |
| python3pm          |
| python7pm          |
| python9am          |
| test               |
+--------------------+
13 rows in set (0.001 sec)

MariaDB [(none)]> Bye

user@DEEP c:\xampp
# mysql -u root -p <D:\world-schema.sql
Enter password:

user@DEEP c:\xampp
# mysql -u root -p
Enter password:
Welcome to the MariaDB monitor.  Commands end with ; or \g.
Your MariaDB connection id is 10
Server version: 10.4.28-MariaDB mariadb.org binary distribution

Copyright (c) 2000, 2018, Oracle, MariaDB Corporation Ab and others.

Type 'help;' or '\h' for help. Type '\c' to clear the current input statement.

MariaDB [(none)]> show databases;
+--------------------+
| Database           |
+--------------------+
| bank_data          |
| information_schema |
| mysql              |
| performance_schema |
| phpmyadmin         |
| practice           |
| pydb               |
| python11am         |
| python2pm          |
| python3pm          |
| python7pm          |
| python9am          |
| test               |
| world              |
+--------------------+
14 rows in set (0.001 sec)

MariaDB [(none)]> use world;
Database changed
MariaDB [world]> show tables;
+-----------------+
| Tables_in_world |
+-----------------+
| city            |
| country         |
| countrylanguage |
+-----------------+
3 rows in set (0.001 sec)

MariaDB [world]> select count(*) from city;
+----------+
| count(*) |
+----------+
|     4079 |
+----------+
1 row in set (0.003 sec)

MariaDB [world]> select * from city limit 5;
+----+----------------+-------------+---------------+------------+
| ID | Name           | CountryCode | District      | Population |
+----+----------------+-------------+---------------+------------+
|  1 | Kabul          | AFG         | Kabol         |    1780000 |
|  2 | Qandahar       | AFG         | Qandahar      |     237500 |
|  3 | Herat          | AFG         | Herat         |     186800 |
|  4 | Mazar-e-Sharif | AFG         | Balkh         |     127800 |
|  5 | Amsterdam      | NLD         | Noord-Holland |     731200 |
+----+----------------+-------------+---------------+------------+
5 rows in set (0.000 sec)

MariaDB [world]> desc city;
+-------------+----------+------+-----+---------+----------------+
| Field       | Type     | Null | Key | Default | Extra          |
+-------------+----------+------+-----+---------+----------------+
| ID          | int(11)  | NO   | PRI | NULL    | auto_increment |
| Name        | char(35) | NO   |     |         |                |
| CountryCode | char(3)  | NO   | MUL |         |                |
| District    | char(20) | NO   |     |         |                |
| Population  | int(11)  | NO   |     | 0       |                |
+-------------+----------+------+-----+---------+----------------+
5 rows in set (0.012 sec)

MariaDB [world]>
MariaDB [world]>
MariaDB [world]>
MariaDB [world]>
MariaDB [world]>
MariaDB [world]> select * from city limit 10;
+----+----------------+-------------+---------------+------------+
| ID | Name           | CountryCode | District      | Population |
+----+----------------+-------------+---------------+------------+
|  1 | Kabul          | AFG         | Kabol         |    1780000 |
|  2 | Qandahar       | AFG         | Qandahar      |     237500 |
|  3 | Herat          | AFG         | Herat         |     186800 |
|  4 | Mazar-e-Sharif | AFG         | Balkh         |     127800 |
|  5 | Amsterdam      | NLD         | Noord-Holland |     731200 |
|  6 | Rotterdam      | NLD         | Zuid-Holland  |     593321 |
|  7 | Haag           | NLD         | Zuid-Holland  |     440900 |
|  8 | Utrecht        | NLD         | Utrecht       |     234323 |
|  9 | Eindhoven      | NLD         | Noord-Brabant |     201843 |
| 10 | Tilburg        | NLD         | Noord-Brabant |     193238 |
+----+----------------+-------------+---------------+------------+
10 rows in set (0.000 sec)

MariaDB [world]>
MariaDB [world]>
MariaDB [world]>
MariaDB [world]> select * from city where countrycode='ind';
+------+--------------------------------+-------------+-------------------+------------+
| ID   | Name                           | CountryCode | District          | Population |
+------+--------------------------------+-------------+-------------------+------------+
| 1024 | Mumbai (Bombay)                | IND         | Maharashtra       |   10500000 |
| 1025 | Delhi                          | IND         | Delhi             |    7206704 |
| 1026 | Calcutta [Kolkata]             | IND         | West Bengali      |    4399819 |
| 1027 | Chennai (Madras)               | IND         | Tamil Nadu        |    3841396 |
| 1028 | Hyderabad                      | IND         | Andhra Pradesh    |    2964638 |
| 1029 | Ahmedabad                      | IND         | Gujarat           |    2876710 |
| 1030 | Bangalore                      | IND         | Karnataka         |    2660088 |
| 1031 | Kanpur                         | IND         | Uttar Pradesh     |    1874409 |
| 1032 | Nagpur                         | IND         | Maharashtra       |    1624752 |
| 1033 | Lucknow                        | IND         | Uttar Pradesh     |    1619115 |
| 1034 | Pune                           | IND         | Maharashtra       |    1566651 |
| 1035 | Surat                          | IND         | Gujarat           |    1498817 |
| 1036 | Jaipur                         | IND         | Rajasthan         |    1458483 |
| 1037 | Indore                         | IND         | Madhya Pradesh    |    1091674 |
| 1038 | Bhopal                         | IND         | Madhya Pradesh    |    1062771 |
| 1039 | Ludhiana                       | IND         | Punjab            |    1042740 |
| 1040 | Vadodara (Baroda)              | IND         | Gujarat           |    1031346 |
| 1041 | Kalyan                         | IND         | Maharashtra       |    1014557 |
| 1042 | Madurai                        | IND         | Tamil Nadu        |     977856 |
| 1043 | Haora (Howrah)                 | IND         | West Bengali      |     950435 |
| 1044 | Varanasi (Benares)             | IND         | Uttar Pradesh     |     929270 |
| 1045 | Patna                          | IND         | Bihar             |     917243 |
| 1046 | Srinagar                       | IND         | Jammu and Kashmir |     892506 |
| 1047 | Agra                           | IND         | Uttar Pradesh     |     891790 |
| 1048 | Coimbatore                     | IND         | Tamil Nadu        |     816321 |
| 1049 | Thane (Thana)                  | IND         | Maharashtra       |     803389 |
| 1050 | Allahabad                      | IND         | Uttar Pradesh     |     792858 |
| 1051 | Meerut                         | IND         | Uttar Pradesh     |     753778 |
| 1052 | Vishakhapatnam                 | IND         | Andhra Pradesh    |     752037 |
| 1053 | Jabalpur                       | IND         | Madhya Pradesh    |     741927 |
| 1054 | Amritsar                       | IND         | Punjab            |     708835 |
| 1055 | Faridabad                      | IND         | Haryana           |     703592 |
| 1056 | Vijayawada                     | IND         | Andhra Pradesh    |     701827 |
| 1057 | Gwalior                        | IND         | Madhya Pradesh    |     690765 |
| 1058 | Jodhpur                        | IND         | Rajasthan         |     666279 |
| 1059 | Nashik (Nasik)                 | IND         | Maharashtra       |     656925 |
| 1060 | Hubli-Dharwad                  | IND         | Karnataka         |     648298 |
| 1061 | Solapur (Sholapur)             | IND         | Maharashtra       |     604215 |
| 1062 | Ranchi                         | IND         | Jharkhand         |     599306 |
| 1063 | Bareilly                       | IND         | Uttar Pradesh     |     587211 |
| 1064 | Guwahati (Gauhati)             | IND         | Assam             |     584342 |
| 1065 | Shambajinagar (Aurangabad)     | IND         | Maharashtra       |     573272 |
| 1066 | Cochin (Kochi)                 | IND         | Kerala            |     564589 |
| 1067 | Rajkot                         | IND         | Gujarat           |     559407 |
| 1068 | Kota                           | IND         | Rajasthan         |     537371 |
| 1069 | Thiruvananthapuram (Trivandrum | IND         | Kerala            |     524006 |
| 1070 | Pimpri-Chinchwad               | IND         | Maharashtra       |     517083 |
| 1071 | Jalandhar (Jullundur)          | IND         | Punjab            |     509510 |
| 1072 | Gorakhpur                      | IND         | Uttar Pradesh     |     505566 |
| 1073 | Chandigarh                     | IND         | Chandigarh        |     504094 |
| 1074 | Mysore                         | IND         | Karnataka         |     480692 |
| 1075 | Aligarh                        | IND         | Uttar Pradesh     |     480520 |
| 1076 | Guntur                         | IND         | Andhra Pradesh    |     471051 |
| 1077 | Jamshedpur                     | IND         | Jharkhand         |     460577 |
| 1078 | Ghaziabad                      | IND         | Uttar Pradesh     |     454156 |
| 1079 | Warangal                       | IND         | Andhra Pradesh    |     447657 |
| 1080 | Raipur                         | IND         | Chhatisgarh       |     438639 |
| 1081 | Moradabad                      | IND         | Uttar Pradesh     |     429214 |
| 1082 | Durgapur                       | IND         | West Bengali      |     425836 |
| 1083 | Amravati                       | IND         | Maharashtra       |     421576 |
| 1084 | Calicut (Kozhikode)            | IND         | Kerala            |     419831 |
| 1085 | Bikaner                        | IND         | Rajasthan         |     416289 |
| 1086 | Bhubaneswar                    | IND         | Orissa            |     411542 |
| 1087 | Kolhapur                       | IND         | Maharashtra       |     406370 |
| 1088 | Kataka (Cuttack)               | IND         | Orissa            |     403418 |
| 1089 | Ajmer                          | IND         | Rajasthan         |     402700 |
| 1090 | Bhavnagar                      | IND         | Gujarat           |     402338 |
| 1091 | Tiruchirapalli                 | IND         | Tamil Nadu        |     387223 |
| 1092 | Bhilai                         | IND         | Chhatisgarh       |     386159 |
| 1093 | Bhiwandi                       | IND         | Maharashtra       |     379070 |
| 1094 | Saharanpur                     | IND         | Uttar Pradesh     |     374945 |
| 1095 | Ulhasnagar                     | IND         | Maharashtra       |     369077 |
| 1096 | Salem                          | IND         | Tamil Nadu        |     366712 |
| 1097 | Ujjain                         | IND         | Madhya Pradesh    |     362266 |
| 1098 | Malegaon                       | IND         | Maharashtra       |     342595 |
| 1099 | Jamnagar                       | IND         | Gujarat           |     341637 |
| 1100 | Bokaro Steel City              | IND         | Jharkhand         |     333683 |
| 1101 | Akola                          | IND         | Maharashtra       |     328034 |
| 1102 | Belgaum                        | IND         | Karnataka         |     326399 |
| 1103 | Rajahmundry                    | IND         | Andhra Pradesh    |     324851 |
| 1104 | Nellore                        | IND         | Andhra Pradesh    |     316606 |
| 1105 | Udaipur                        | IND         | Rajasthan         |     308571 |
| 1106 | New Bombay                     | IND         | Maharashtra       |     307297 |
| 1107 | Bhatpara                       | IND         | West Bengali      |     304952 |
| 1108 | Gulbarga                       | IND         | Karnataka         |     304099 |
| 1109 | New Delhi                      | IND         | Delhi             |     301297 |
| 1110 | Jhansi                         | IND         | Uttar Pradesh     |     300850 |
| 1111 | Gaya                           | IND         | Bihar             |     291675 |
| 1112 | Kakinada                       | IND         | Andhra Pradesh    |     279980 |
| 1113 | Dhule (Dhulia)                 | IND         | Maharashtra       |     278317 |
| 1114 | Panihati                       | IND         | West Bengali      |     275990 |
| 1115 | Nanded (Nander)                | IND         | Maharashtra       |     275083 |
| 1116 | Mangalore                      | IND         | Karnataka         |     273304 |
| 1117 | Dehra Dun                      | IND         | Uttaranchal       |     270159 |
| 1118 | Kamarhati                      | IND         | West Bengali      |     266889 |
| 1119 | Davangere                      | IND         | Karnataka         |     266082 |
| 1120 | Asansol                        | IND         | West Bengali      |     262188 |
| 1121 | Bhagalpur                      | IND         | Bihar             |     253225 |
| 1122 | Bellary                        | IND         | Karnataka         |     245391 |
| 1123 | Barddhaman (Burdwan)           | IND         | West Bengali      |     245079 |
| 1124 | Rampur                         | IND         | Uttar Pradesh     |     243742 |
| 1125 | Jalgaon                        | IND         | Maharashtra       |     242193 |
| 1126 | Muzaffarpur                    | IND         | Bihar             |     241107 |
| 1127 | Nizamabad                      | IND         | Andhra Pradesh    |     241034 |
| 1128 | Muzaffarnagar                  | IND         | Uttar Pradesh     |     240609 |
| 1129 | Patiala                        | IND         | Punjab            |     238368 |
| 1130 | Shahjahanpur                   | IND         | Uttar Pradesh     |     237713 |
| 1131 | Kurnool                        | IND         | Andhra Pradesh    |     236800 |
| 1132 | Tiruppur (Tirupper)            | IND         | Tamil Nadu        |     235661 |
| 1133 | Rohtak                         | IND         | Haryana           |     233400 |
| 1134 | South Dum Dum                  | IND         | West Bengali      |     232811 |
| 1135 | Mathura                        | IND         | Uttar Pradesh     |     226691 |
| 1136 | Chandrapur                     | IND         | Maharashtra       |     226105 |
| 1137 | Barahanagar (Baranagar)        | IND         | West Bengali      |     224821 |
| 1138 | Darbhanga                      | IND         | Bihar             |     218391 |
| 1139 | Siliguri (Shiliguri)           | IND         | West Bengali      |     216950 |
| 1140 | Raurkela                       | IND         | Orissa            |     215489 |
| 1141 | Ambattur                       | IND         | Tamil Nadu        |     215424 |
| 1142 | Panipat                        | IND         | Haryana           |     215218 |
| 1143 | Firozabad                      | IND         | Uttar Pradesh     |     215128 |
| 1144 | Ichalkaranji                   | IND         | Maharashtra       |     214950 |
| 1145 | Jammu                          | IND         | Jammu and Kashmir |     214737 |
| 1146 | Ramagundam                     | IND         | Andhra Pradesh    |     214384 |
| 1147 | Eluru                          | IND         | Andhra Pradesh    |     212866 |
| 1148 | Brahmapur                      | IND         | Orissa            |     210418 |
| 1149 | Alwar                          | IND         | Rajasthan         |     205086 |
| 1150 | Pondicherry                    | IND         | Pondicherry       |     203065 |
| 1151 | Thanjavur                      | IND         | Tamil Nadu        |     202013 |
| 1152 | Bihar Sharif                   | IND         | Bihar             |     201323 |
| 1153 | Tuticorin                      | IND         | Tamil Nadu        |     199854 |
| 1154 | Imphal                         | IND         | Manipur           |     198535 |
| 1155 | Latur                          | IND         | Maharashtra       |     197408 |
| 1156 | Sagar                          | IND         | Madhya Pradesh    |     195346 |
| 1157 | Farrukhabad-cum-Fatehgarh      | IND         | Uttar Pradesh     |     194567 |
| 1158 | Sangli                         | IND         | Maharashtra       |     193197 |
| 1159 | Parbhani                       | IND         | Maharashtra       |     190255 |
| 1160 | Nagar Coil                     | IND         | Tamil Nadu        |     190084 |
| 1161 | Bijapur                        | IND         | Karnataka         |     186939 |
| 1162 | Kukatpalle                     | IND         | Andhra Pradesh    |     185378 |
| 1163 | Bally                          | IND         | West Bengali      |     184474 |
| 1164 | Bhilwara                       | IND         | Rajasthan         |     183965 |
| 1165 | Ratlam                         | IND         | Madhya Pradesh    |     183375 |
| 1166 | Avadi                          | IND         | Tamil Nadu        |     183215 |
| 1167 | Dindigul                       | IND         | Tamil Nadu        |     182477 |
| 1168 | Ahmadnagar                     | IND         | Maharashtra       |     181339 |
| 1169 | Bilaspur                       | IND         | Chhatisgarh       |     179833 |
| 1170 | Shimoga                        | IND         | Karnataka         |     179258 |
| 1171 | Kharagpur                      | IND         | West Bengali      |     177989 |
| 1172 | Mira Bhayandar                 | IND         | Maharashtra       |     175372 |
| 1173 | Vellore                        | IND         | Tamil Nadu        |     175061 |
| 1174 | Jalna                          | IND         | Maharashtra       |     174985 |
| 1175 | Burnpur                        | IND         | West Bengali      |     174933 |
| 1176 | Anantapur                      | IND         | Andhra Pradesh    |     174924 |
| 1177 | Allappuzha (Alleppey)          | IND         | Kerala            |     174666 |
| 1178 | Tirupati                       | IND         | Andhra Pradesh    |     174369 |
| 1179 | Karnal                         | IND         | Haryana           |     173751 |
| 1180 | Burhanpur                      | IND         | Madhya Pradesh    |     172710 |
| 1181 | Hisar (Hissar)                 | IND         | Haryana           |     172677 |
| 1182 | Tiruvottiyur                   | IND         | Tamil Nadu        |     172562 |
| 1183 | Mirzapur-cum-Vindhyachal       | IND         | Uttar Pradesh     |     169336 |
| 1184 | Secunderabad                   | IND         | Andhra Pradesh    |     167461 |
| 1185 | Nadiad                         | IND         | Gujarat           |     167051 |
| 1186 | Dewas                          | IND         | Madhya Pradesh    |     164364 |
| 1187 | Murwara (Katni)                | IND         | Madhya Pradesh    |     163431 |
| 1188 | Ganganagar                     | IND         | Rajasthan         |     161482 |
| 1189 | Vizianagaram                   | IND         | Andhra Pradesh    |     160359 |
| 1190 | Erode                          | IND         | Tamil Nadu        |     159232 |
| 1191 | Machilipatnam (Masulipatam)    | IND         | Andhra Pradesh    |     159110 |
| 1192 | Bhatinda (Bathinda)            | IND         | Punjab            |     159042 |
| 1193 | Raichur                        | IND         | Karnataka         |     157551 |
| 1194 | Agartala                       | IND         | Tripura           |     157358 |
| 1195 | Arrah (Ara)                    | IND         | Bihar             |     157082 |
| 1196 | Satna                          | IND         | Madhya Pradesh    |     156630 |
| 1197 | Lalbahadur Nagar               | IND         | Andhra Pradesh    |     155500 |
| 1198 | Aizawl                         | IND         | Mizoram           |     155240 |
| 1199 | Uluberia                       | IND         | West Bengali      |     155172 |
| 1200 | Katihar                        | IND         | Bihar             |     154367 |
| 1201 | Cuddalore                      | IND         | Tamil Nadu        |     153086 |
| 1202 | Hugli-Chinsurah                | IND         | West Bengali      |     151806 |
| 1203 | Dhanbad                        | IND         | Jharkhand         |     151789 |
| 1204 | Raiganj                        | IND         | West Bengali      |     151045 |
| 1205 | Sambhal                        | IND         | Uttar Pradesh     |     150869 |
| 1206 | Durg                           | IND         | Chhatisgarh       |     150645 |
| 1207 | Munger (Monghyr)               | IND         | Bihar             |     150112 |
| 1208 | Kanchipuram                    | IND         | Tamil Nadu        |     150100 |
| 1209 | North Dum Dum                  | IND         | West Bengali      |     149965 |
| 1210 | Karimnagar                     | IND         | Andhra Pradesh    |     148583 |
| 1211 | Bharatpur                      | IND         | Rajasthan         |     148519 |
| 1212 | Sikar                          | IND         | Rajasthan         |     148272 |
| 1213 | Hardwar (Haridwar)             | IND         | Uttaranchal       |     147305 |
| 1214 | Dabgram                        | IND         | West Bengali      |     147217 |
| 1215 | Morena                         | IND         | Madhya Pradesh    |     147124 |
| 1216 | Noida                          | IND         | Uttar Pradesh     |     146514 |
| 1217 | Hapur                          | IND         | Uttar Pradesh     |     146262 |
| 1218 | Bhusawal                       | IND         | Maharashtra       |     145143 |
| 1219 | Khandwa                        | IND         | Madhya Pradesh    |     145133 |
| 1220 | Yamuna Nagar                   | IND         | Haryana           |     144346 |
| 1221 | Sonipat (Sonepat)              | IND         | Haryana           |     143922 |
| 1222 | Tenali                         | IND         | Andhra Pradesh    |     143726 |
| 1223 | Raurkela Civil Township        | IND         | Orissa            |     140408 |
| 1224 | Kollam (Quilon)                | IND         | Kerala            |     139852 |
| 1225 | Kumbakonam                     | IND         | Tamil Nadu        |     139483 |
| 1226 | Ingraj Bazar (English Bazar)   | IND         | West Bengali      |     139204 |
| 1227 | Timkur                         | IND         | Karnataka         |     138903 |
| 1228 | Amroha                         | IND         | Uttar Pradesh     |     137061 |
| 1229 | Serampore                      | IND         | West Bengali      |     137028 |
| 1230 | Chapra                         | IND         | Bihar             |     136877 |
| 1231 | Pali                           | IND         | Rajasthan         |     136842 |
| 1232 | Maunath Bhanjan                | IND         | Uttar Pradesh     |     136697 |
| 1233 | Adoni                          | IND         | Andhra Pradesh    |     136182 |
| 1234 | Jaunpur                        | IND         | Uttar Pradesh     |     136062 |
| 1235 | Tirunelveli                    | IND         | Tamil Nadu        |     135825 |
| 1236 | Bahraich                       | IND         | Uttar Pradesh     |     135400 |
| 1237 | Gadag Betigeri                 | IND         | Karnataka         |     134051 |
| 1238 | Proddatur                      | IND         | Andhra Pradesh    |     133914 |
| 1239 | Chittoor                       | IND         | Andhra Pradesh    |     133462 |
| 1240 | Barrackpur                     | IND         | West Bengali      |     133265 |
| 1241 | Bharuch (Broach)               | IND         | Gujarat           |     133102 |
| 1242 | Naihati                        | IND         | West Bengali      |     132701 |
| 1243 | Shillong                       | IND         | Meghalaya         |     131719 |
| 1244 | Sambalpur                      | IND         | Orissa            |     131138 |
| 1245 | Junagadh                       | IND         | Gujarat           |     130484 |
| 1246 | Rae Bareli                     | IND         | Uttar Pradesh     |     129904 |
| 1247 | Rewa                           | IND         | Madhya Pradesh    |     128981 |
| 1248 | Gurgaon                        | IND         | Haryana           |     128608 |
| 1249 | Khammam                        | IND         | Andhra Pradesh    |     127992 |
| 1250 | Bulandshahr                    | IND         | Uttar Pradesh     |     127201 |
| 1251 | Navsari                        | IND         | Gujarat           |     126089 |
| 1252 | Malkajgiri                     | IND         | Andhra Pradesh    |     126066 |
| 1253 | Midnapore (Medinipur)          | IND         | West Bengali      |     125498 |
| 1254 | Miraj                          | IND         | Maharashtra       |     125407 |
| 1255 | Raj Nandgaon                   | IND         | Chhatisgarh       |     125371 |
| 1256 | Alandur                        | IND         | Tamil Nadu        |     125244 |
| 1257 | Puri                           | IND         | Orissa            |     125199 |
| 1258 | Navadwip                       | IND         | West Bengali      |     125037 |
| 1259 | Sirsa                          | IND         | Haryana           |     125000 |
| 1260 | Korba                          | IND         | Chhatisgarh       |     124501 |
| 1261 | Faizabad                       | IND         | Uttar Pradesh     |     124437 |
| 1262 | Etawah                         | IND         | Uttar Pradesh     |     124072 |
| 1263 | Pathankot                      | IND         | Punjab            |     123930 |
| 1264 | Gandhinagar                    | IND         | Gujarat           |     123359 |
| 1265 | Palghat (Palakkad)             | IND         | Kerala            |     123289 |
| 1266 | Veraval                        | IND         | Gujarat           |     123000 |
| 1267 | Hoshiarpur                     | IND         | Punjab            |     122705 |
| 1268 | Ambala                         | IND         | Haryana           |     122596 |
| 1269 | Sitapur                        | IND         | Uttar Pradesh     |     121842 |
| 1270 | Bhiwani                        | IND         | Haryana           |     121629 |
| 1271 | Cuddapah                       | IND         | Andhra Pradesh    |     121463 |
| 1272 | Bhimavaram                     | IND         | Andhra Pradesh    |     121314 |
| 1273 | Krishnanagar                   | IND         | West Bengali      |     121110 |
| 1274 | Chandannagar                   | IND         | West Bengali      |     120378 |
| 1275 | Mandya                         | IND         | Karnataka         |     120265 |
| 1276 | Dibrugarh                      | IND         | Assam             |     120127 |
| 1277 | Nandyal                        | IND         | Andhra Pradesh    |     119813 |
| 1278 | Balurghat                      | IND         | West Bengali      |     119796 |
| 1279 | Neyveli                        | IND         | Tamil Nadu        |     118080 |
| 1280 | Fatehpur                       | IND         | Uttar Pradesh     |     117675 |
| 1281 | Mahbubnagar                    | IND         | Andhra Pradesh    |     116833 |
| 1282 | Budaun                         | IND         | Uttar Pradesh     |     116695 |
| 1283 | Porbandar                      | IND         | Gujarat           |     116671 |
| 1284 | Silchar                        | IND         | Assam             |     115483 |
| 1285 | Berhampore (Baharampur)        | IND         | West Bengali      |     115144 |
| 1286 | Purnea (Purnia)                | IND         | Jharkhand         |     114912 |
| 1287 | Bankura                        | IND         | West Bengali      |     114876 |
| 1288 | Rajapalaiyam                   | IND         | Tamil Nadu        |     114202 |
| 1289 | Titagarh                       | IND         | West Bengali      |     114085 |
| 1290 | Halisahar                      | IND         | West Bengali      |     114028 |
| 1291 | Hathras                        | IND         | Uttar Pradesh     |     113285 |
| 1292 | Bhir (Bid)                     | IND         | Maharashtra       |     112434 |
| 1293 | Pallavaram                     | IND         | Tamil Nadu        |     111866 |
| 1294 | Anand                          | IND         | Gujarat           |     110266 |
| 1295 | Mango                          | IND         | Jharkhand         |     110024 |
| 1296 | Santipur                       | IND         | West Bengali      |     109956 |
| 1297 | Bhind                          | IND         | Madhya Pradesh    |     109755 |
| 1298 | Gondiya                        | IND         | Maharashtra       |     109470 |
| 1299 | Tiruvannamalai                 | IND         | Tamil Nadu        |     109196 |
| 1300 | Yeotmal (Yavatmal)             | IND         | Maharashtra       |     108578 |
| 1301 | Kulti-Barakar                  | IND         | West Bengali      |     108518 |
| 1302 | Moga                           | IND         | Punjab            |     108304 |
| 1303 | Shivapuri                      | IND         | Madhya Pradesh    |     108277 |
| 1304 | Bidar                          | IND         | Karnataka         |     108016 |
| 1305 | Guntakal                       | IND         | Andhra Pradesh    |     107592 |
| 1306 | Unnao                          | IND         | Uttar Pradesh     |     107425 |
| 1307 | Barasat                        | IND         | West Bengali      |     107365 |
| 1308 | Tambaram                       | IND         | Tamil Nadu        |     107187 |
| 1309 | Abohar                         | IND         | Punjab            |     107163 |
| 1310 | Pilibhit                       | IND         | Uttar Pradesh     |     106605 |
| 1311 | Valparai                       | IND         | Tamil Nadu        |     106523 |
| 1312 | Gonda                          | IND         | Uttar Pradesh     |     106078 |
| 1313 | Surendranagar                  | IND         | Gujarat           |     105973 |
| 1314 | Qutubullapur                   | IND         | Andhra Pradesh    |     105380 |
| 1315 | Beawar                         | IND         | Rajasthan         |     105363 |
| 1316 | Hindupur                       | IND         | Andhra Pradesh    |     104651 |
| 1317 | Gandhidham                     | IND         | Gujarat           |     104585 |
| 1318 | Haldwani-cum-Kathgodam         | IND         | Uttaranchal       |     104195 |
| 1319 | Tellicherry (Thalassery)       | IND         | Kerala            |     103579 |
| 1320 | Wardha                         | IND         | Maharashtra       |     102985 |
| 1321 | Rishra                         | IND         | West Bengali      |     102649 |
| 1322 | Bhuj                           | IND         | Gujarat           |     102176 |
| 1323 | Modinagar                      | IND         | Uttar Pradesh     |     101660 |
| 1324 | Gudivada                       | IND         | Andhra Pradesh    |     101656 |
| 1325 | Basirhat                       | IND         | West Bengali      |     101409 |
| 1326 | Uttarpara-Kotrung              | IND         | West Bengali      |     100867 |
| 1327 | Ongole                         | IND         | Andhra Pradesh    |     100836 |
| 1328 | North Barrackpur               | IND         | West Bengali      |     100513 |
| 1329 | Guna                           | IND         | Madhya Pradesh    |     100490 |
| 1330 | Haldia                         | IND         | West Bengali      |     100347 |
| 1331 | Habra                          | IND         | West Bengali      |     100223 |
| 1332 | Kanchrapara                    | IND         | West Bengali      |     100194 |
| 1333 | Tonk                           | IND         | Rajasthan         |     100079 |
| 1334 | Champdani                      | IND         | West Bengali      |      98818 |
| 1335 | Orai                           | IND         | Uttar Pradesh     |      98640 |
| 1336 | Pudukkottai                    | IND         | Tamil Nadu        |      98619 |
| 1337 | Sasaram                        | IND         | Bihar             |      98220 |
| 1338 | Hazaribag                      | IND         | Jharkhand         |      97712 |
| 1339 | Palayankottai                  | IND         | Tamil Nadu        |      97662 |
| 1340 | Banda                          | IND         | Uttar Pradesh     |      97227 |
| 1341 | Godhra                         | IND         | Gujarat           |      96813 |
| 1342 | Hospet                         | IND         | Karnataka         |      96322 |
| 1343 | Ashoknagar-Kalyangarh          | IND         | West Bengali      |      96315 |
| 1344 | Achalpur                       | IND         | Maharashtra       |      96216 |
| 1345 | Patan                          | IND         | Gujarat           |      96109 |
| 1346 | Mandasor                       | IND         | Madhya Pradesh    |      95758 |
| 1347 | Damoh                          | IND         | Madhya Pradesh    |      95661 |
| 1348 | Satara                         | IND         | Maharashtra       |      95133 |
| 1349 | Meerut Cantonment              | IND         | Uttar Pradesh     |      94876 |
| 1350 | Dehri                          | IND         | Bihar             |      94526 |
| 1351 | Delhi Cantonment               | IND         | Delhi             |      94326 |
| 1352 | Chhindwara                     | IND         | Madhya Pradesh    |      93731 |
| 1353 | Bansberia                      | IND         | West Bengali      |      93447 |
| 1354 | Nagaon                         | IND         | Assam             |      93350 |
| 1355 | Kanpur Cantonment              | IND         | Uttar Pradesh     |      93109 |
| 1356 | Vidisha                        | IND         | Madhya Pradesh    |      92917 |
| 1357 | Bettiah                        | IND         | Bihar             |      92583 |
| 1358 | Purulia                        | IND         | Jharkhand         |      92574 |
| 1359 | Hassan                         | IND         | Karnataka         |      90803 |
| 1360 | Ambala Sadar                   | IND         | Haryana           |      90712 |
| 1361 | Baidyabati                     | IND         | West Bengali      |      90601 |
| 1362 | Morvi                          | IND         | Gujarat           |      90357 |
| 1363 | Raigarh                        | IND         | Chhatisgarh       |      89166 |
| 1364 | Vejalpur                       | IND         | Gujarat           |      89053 |
+------+--------------------------------+-------------+-------------------+------------+
341 rows in set (0.005 sec)

MariaDB [world]> create table india_data as select * from city where countrycode='ind';
Query OK, 341 rows affected (0.036 sec)
Records: 341  Duplicates: 0  Warnings: 0

MariaDB [world]> show tables;
+-----------------+
| Tables_in_world |
+-----------------+
| city            |
| country         |
| countrylanguage |
| india_data      |
+-----------------+
4 rows in set (0.000 sec)

MariaDB [world]> select * from india_data;
+------+--------------------------------+-------------+-------------------+------------+
| ID   | Name                           | CountryCode | District          | Population |
+------+--------------------------------+-------------+-------------------+------------+
| 1024 | Mumbai (Bombay)                | IND         | Maharashtra       |   10500000 |
| 1025 | Delhi                          | IND         | Delhi             |    7206704 |
| 1026 | Calcutta [Kolkata]             | IND         | West Bengali      |    4399819 |
| 1027 | Chennai (Madras)               | IND         | Tamil Nadu        |    3841396 |
| 1028 | Hyderabad                      | IND         | Andhra Pradesh    |    2964638 |
| 1029 | Ahmedabad                      | IND         | Gujarat           |    2876710 |
| 1030 | Bangalore                      | IND         | Karnataka         |    2660088 |
| 1031 | Kanpur                         | IND         | Uttar Pradesh     |    1874409 |
| 1032 | Nagpur                         | IND         | Maharashtra       |    1624752 |
| 1033 | Lucknow                        | IND         | Uttar Pradesh     |    1619115 |
| 1034 | Pune                           | IND         | Maharashtra       |    1566651 |
| 1035 | Surat                          | IND         | Gujarat           |    1498817 |
| 1036 | Jaipur                         | IND         | Rajasthan         |    1458483 |
| 1037 | Indore                         | IND         | Madhya Pradesh    |    1091674 |
| 1038 | Bhopal                         | IND         | Madhya Pradesh    |    1062771 |
| 1039 | Ludhiana                       | IND         | Punjab            |    1042740 |
| 1040 | Vadodara (Baroda)              | IND         | Gujarat           |    1031346 |
| 1041 | Kalyan                         | IND         | Maharashtra       |    1014557 |
| 1042 | Madurai                        | IND         | Tamil Nadu        |     977856 |
| 1043 | Haora (Howrah)                 | IND         | West Bengali      |     950435 |
| 1044 | Varanasi (Benares)             | IND         | Uttar Pradesh     |     929270 |
| 1045 | Patna                          | IND         | Bihar             |     917243 |
| 1046 | Srinagar                       | IND         | Jammu and Kashmir |     892506 |
| 1047 | Agra                           | IND         | Uttar Pradesh     |     891790 |
| 1048 | Coimbatore                     | IND         | Tamil Nadu        |     816321 |
| 1049 | Thane (Thana)                  | IND         | Maharashtra       |     803389 |
| 1050 | Allahabad                      | IND         | Uttar Pradesh     |     792858 |
| 1051 | Meerut                         | IND         | Uttar Pradesh     |     753778 |
| 1052 | Vishakhapatnam                 | IND         | Andhra Pradesh    |     752037 |
| 1053 | Jabalpur                       | IND         | Madhya Pradesh    |     741927 |
| 1054 | Amritsar                       | IND         | Punjab            |     708835 |
| 1055 | Faridabad                      | IND         | Haryana           |     703592 |
| 1056 | Vijayawada                     | IND         | Andhra Pradesh    |     701827 |
| 1057 | Gwalior                        | IND         | Madhya Pradesh    |     690765 |
| 1058 | Jodhpur                        | IND         | Rajasthan         |     666279 |
| 1059 | Nashik (Nasik)                 | IND         | Maharashtra       |     656925 |
| 1060 | Hubli-Dharwad                  | IND         | Karnataka         |     648298 |
| 1061 | Solapur (Sholapur)             | IND         | Maharashtra       |     604215 |
| 1062 | Ranchi                         | IND         | Jharkhand         |     599306 |
| 1063 | Bareilly                       | IND         | Uttar Pradesh     |     587211 |
| 1064 | Guwahati (Gauhati)             | IND         | Assam             |     584342 |
| 1065 | Shambajinagar (Aurangabad)     | IND         | Maharashtra       |     573272 |
| 1066 | Cochin (Kochi)                 | IND         | Kerala            |     564589 |
| 1067 | Rajkot                         | IND         | Gujarat           |     559407 |
| 1068 | Kota                           | IND         | Rajasthan         |     537371 |
| 1069 | Thiruvananthapuram (Trivandrum | IND         | Kerala            |     524006 |
| 1070 | Pimpri-Chinchwad               | IND         | Maharashtra       |     517083 |
| 1071 | Jalandhar (Jullundur)          | IND         | Punjab            |     509510 |
| 1072 | Gorakhpur                      | IND         | Uttar Pradesh     |     505566 |
| 1073 | Chandigarh                     | IND         | Chandigarh        |     504094 |
| 1074 | Mysore                         | IND         | Karnataka         |     480692 |
| 1075 | Aligarh                        | IND         | Uttar Pradesh     |     480520 |
| 1076 | Guntur                         | IND         | Andhra Pradesh    |     471051 |
| 1077 | Jamshedpur                     | IND         | Jharkhand         |     460577 |
| 1078 | Ghaziabad                      | IND         | Uttar Pradesh     |     454156 |
| 1079 | Warangal                       | IND         | Andhra Pradesh    |     447657 |
| 1080 | Raipur                         | IND         | Chhatisgarh       |     438639 |
| 1081 | Moradabad                      | IND         | Uttar Pradesh     |     429214 |
| 1082 | Durgapur                       | IND         | West Bengali      |     425836 |
| 1083 | Amravati                       | IND         | Maharashtra       |     421576 |
| 1084 | Calicut (Kozhikode)            | IND         | Kerala            |     419831 |
| 1085 | Bikaner                        | IND         | Rajasthan         |     416289 |
| 1086 | Bhubaneswar                    | IND         | Orissa            |     411542 |
| 1087 | Kolhapur                       | IND         | Maharashtra       |     406370 |
| 1088 | Kataka (Cuttack)               | IND         | Orissa            |     403418 |
| 1089 | Ajmer                          | IND         | Rajasthan         |     402700 |
| 1090 | Bhavnagar                      | IND         | Gujarat           |     402338 |
| 1091 | Tiruchirapalli                 | IND         | Tamil Nadu        |     387223 |
| 1092 | Bhilai                         | IND         | Chhatisgarh       |     386159 |
| 1093 | Bhiwandi                       | IND         | Maharashtra       |     379070 |
| 1094 | Saharanpur                     | IND         | Uttar Pradesh     |     374945 |
| 1095 | Ulhasnagar                     | IND         | Maharashtra       |     369077 |
| 1096 | Salem                          | IND         | Tamil Nadu        |     366712 |
| 1097 | Ujjain                         | IND         | Madhya Pradesh    |     362266 |
| 1098 | Malegaon                       | IND         | Maharashtra       |     342595 |
| 1099 | Jamnagar                       | IND         | Gujarat           |     341637 |
| 1100 | Bokaro Steel City              | IND         | Jharkhand         |     333683 |
| 1101 | Akola                          | IND         | Maharashtra       |     328034 |
| 1102 | Belgaum                        | IND         | Karnataka         |     326399 |
| 1103 | Rajahmundry                    | IND         | Andhra Pradesh    |     324851 |
| 1104 | Nellore                        | IND         | Andhra Pradesh    |     316606 |
| 1105 | Udaipur                        | IND         | Rajasthan         |     308571 |
| 1106 | New Bombay                     | IND         | Maharashtra       |     307297 |
| 1107 | Bhatpara                       | IND         | West Bengali      |     304952 |
| 1108 | Gulbarga                       | IND         | Karnataka         |     304099 |
| 1109 | New Delhi                      | IND         | Delhi             |     301297 |
| 1110 | Jhansi                         | IND         | Uttar Pradesh     |     300850 |
| 1111 | Gaya                           | IND         | Bihar             |     291675 |
| 1112 | Kakinada                       | IND         | Andhra Pradesh    |     279980 |
| 1113 | Dhule (Dhulia)                 | IND         | Maharashtra       |     278317 |
| 1114 | Panihati                       | IND         | West Bengali      |     275990 |
| 1115 | Nanded (Nander)                | IND         | Maharashtra       |     275083 |
| 1116 | Mangalore                      | IND         | Karnataka         |     273304 |
| 1117 | Dehra Dun                      | IND         | Uttaranchal       |     270159 |
| 1118 | Kamarhati                      | IND         | West Bengali      |     266889 |
| 1119 | Davangere                      | IND         | Karnataka         |     266082 |
| 1120 | Asansol                        | IND         | West Bengali      |     262188 |
| 1121 | Bhagalpur                      | IND         | Bihar             |     253225 |
| 1122 | Bellary                        | IND         | Karnataka         |     245391 |
| 1123 | Barddhaman (Burdwan)           | IND         | West Bengali      |     245079 |
| 1124 | Rampur                         | IND         | Uttar Pradesh     |     243742 |
| 1125 | Jalgaon                        | IND         | Maharashtra       |     242193 |
| 1126 | Muzaffarpur                    | IND         | Bihar             |     241107 |
| 1127 | Nizamabad                      | IND         | Andhra Pradesh    |     241034 |
| 1128 | Muzaffarnagar                  | IND         | Uttar Pradesh     |     240609 |
| 1129 | Patiala                        | IND         | Punjab            |     238368 |
| 1130 | Shahjahanpur                   | IND         | Uttar Pradesh     |     237713 |
| 1131 | Kurnool                        | IND         | Andhra Pradesh    |     236800 |
| 1132 | Tiruppur (Tirupper)            | IND         | Tamil Nadu        |     235661 |
| 1133 | Rohtak                         | IND         | Haryana           |     233400 |
| 1134 | South Dum Dum                  | IND         | West Bengali      |     232811 |
| 1135 | Mathura                        | IND         | Uttar Pradesh     |     226691 |
| 1136 | Chandrapur                     | IND         | Maharashtra       |     226105 |
| 1137 | Barahanagar (Baranagar)        | IND         | West Bengali      |     224821 |
| 1138 | Darbhanga                      | IND         | Bihar             |     218391 |
| 1139 | Siliguri (Shiliguri)           | IND         | West Bengali      |     216950 |
| 1140 | Raurkela                       | IND         | Orissa            |     215489 |
| 1141 | Ambattur                       | IND         | Tamil Nadu        |     215424 |
| 1142 | Panipat                        | IND         | Haryana           |     215218 |
| 1143 | Firozabad                      | IND         | Uttar Pradesh     |     215128 |
| 1144 | Ichalkaranji                   | IND         | Maharashtra       |     214950 |
| 1145 | Jammu                          | IND         | Jammu and Kashmir |     214737 |
| 1146 | Ramagundam                     | IND         | Andhra Pradesh    |     214384 |
| 1147 | Eluru                          | IND         | Andhra Pradesh    |     212866 |
| 1148 | Brahmapur                      | IND         | Orissa            |     210418 |
| 1149 | Alwar                          | IND         | Rajasthan         |     205086 |
| 1150 | Pondicherry                    | IND         | Pondicherry       |     203065 |
| 1151 | Thanjavur                      | IND         | Tamil Nadu        |     202013 |
| 1152 | Bihar Sharif                   | IND         | Bihar             |     201323 |
| 1153 | Tuticorin                      | IND         | Tamil Nadu        |     199854 |
| 1154 | Imphal                         | IND         | Manipur           |     198535 |
| 1155 | Latur                          | IND         | Maharashtra       |     197408 |
| 1156 | Sagar                          | IND         | Madhya Pradesh    |     195346 |
| 1157 | Farrukhabad-cum-Fatehgarh      | IND         | Uttar Pradesh     |     194567 |
| 1158 | Sangli                         | IND         | Maharashtra       |     193197 |
| 1159 | Parbhani                       | IND         | Maharashtra       |     190255 |
| 1160 | Nagar Coil                     | IND         | Tamil Nadu        |     190084 |
| 1161 | Bijapur                        | IND         | Karnataka         |     186939 |
| 1162 | Kukatpalle                     | IND         | Andhra Pradesh    |     185378 |
| 1163 | Bally                          | IND         | West Bengali      |     184474 |
| 1164 | Bhilwara                       | IND         | Rajasthan         |     183965 |
| 1165 | Ratlam                         | IND         | Madhya Pradesh    |     183375 |
| 1166 | Avadi                          | IND         | Tamil Nadu        |     183215 |
| 1167 | Dindigul                       | IND         | Tamil Nadu        |     182477 |
| 1168 | Ahmadnagar                     | IND         | Maharashtra       |     181339 |
| 1169 | Bilaspur                       | IND         | Chhatisgarh       |     179833 |
| 1170 | Shimoga                        | IND         | Karnataka         |     179258 |
| 1171 | Kharagpur                      | IND         | West Bengali      |     177989 |
| 1172 | Mira Bhayandar                 | IND         | Maharashtra       |     175372 |
| 1173 | Vellore                        | IND         | Tamil Nadu        |     175061 |
| 1174 | Jalna                          | IND         | Maharashtra       |     174985 |
| 1175 | Burnpur                        | IND         | West Bengali      |     174933 |
| 1176 | Anantapur                      | IND         | Andhra Pradesh    |     174924 |
| 1177 | Allappuzha (Alleppey)          | IND         | Kerala            |     174666 |
| 1178 | Tirupati                       | IND         | Andhra Pradesh    |     174369 |
| 1179 | Karnal                         | IND         | Haryana           |     173751 |
| 1180 | Burhanpur                      | IND         | Madhya Pradesh    |     172710 |
| 1181 | Hisar (Hissar)                 | IND         | Haryana           |     172677 |
| 1182 | Tiruvottiyur                   | IND         | Tamil Nadu        |     172562 |
| 1183 | Mirzapur-cum-Vindhyachal       | IND         | Uttar Pradesh     |     169336 |
| 1184 | Secunderabad                   | IND         | Andhra Pradesh    |     167461 |
| 1185 | Nadiad                         | IND         | Gujarat           |     167051 |
| 1186 | Dewas                          | IND         | Madhya Pradesh    |     164364 |
| 1187 | Murwara (Katni)                | IND         | Madhya Pradesh    |     163431 |
| 1188 | Ganganagar                     | IND         | Rajasthan         |     161482 |
| 1189 | Vizianagaram                   | IND         | Andhra Pradesh    |     160359 |
| 1190 | Erode                          | IND         | Tamil Nadu        |     159232 |
| 1191 | Machilipatnam (Masulipatam)    | IND         | Andhra Pradesh    |     159110 |
| 1192 | Bhatinda (Bathinda)            | IND         | Punjab            |     159042 |
| 1193 | Raichur                        | IND         | Karnataka         |     157551 |
| 1194 | Agartala                       | IND         | Tripura           |     157358 |
| 1195 | Arrah (Ara)                    | IND         | Bihar             |     157082 |
| 1196 | Satna                          | IND         | Madhya Pradesh    |     156630 |
| 1197 | Lalbahadur Nagar               | IND         | Andhra Pradesh    |     155500 |
| 1198 | Aizawl                         | IND         | Mizoram           |     155240 |
| 1199 | Uluberia                       | IND         | West Bengali      |     155172 |
| 1200 | Katihar                        | IND         | Bihar             |     154367 |
| 1201 | Cuddalore                      | IND         | Tamil Nadu        |     153086 |
| 1202 | Hugli-Chinsurah                | IND         | West Bengali      |     151806 |
| 1203 | Dhanbad                        | IND         | Jharkhand         |     151789 |
| 1204 | Raiganj                        | IND         | West Bengali      |     151045 |
| 1205 | Sambhal                        | IND         | Uttar Pradesh     |     150869 |
| 1206 | Durg                           | IND         | Chhatisgarh       |     150645 |
| 1207 | Munger (Monghyr)               | IND         | Bihar             |     150112 |
| 1208 | Kanchipuram                    | IND         | Tamil Nadu        |     150100 |
| 1209 | North Dum Dum                  | IND         | West Bengali      |     149965 |
| 1210 | Karimnagar                     | IND         | Andhra Pradesh    |     148583 |
| 1211 | Bharatpur                      | IND         | Rajasthan         |     148519 |
| 1212 | Sikar                          | IND         | Rajasthan         |     148272 |
| 1213 | Hardwar (Haridwar)             | IND         | Uttaranchal       |     147305 |
| 1214 | Dabgram                        | IND         | West Bengali      |     147217 |
| 1215 | Morena                         | IND         | Madhya Pradesh    |     147124 |
| 1216 | Noida                          | IND         | Uttar Pradesh     |     146514 |
| 1217 | Hapur                          | IND         | Uttar Pradesh     |     146262 |
| 1218 | Bhusawal                       | IND         | Maharashtra       |     145143 |
| 1219 | Khandwa                        | IND         | Madhya Pradesh    |     145133 |
| 1220 | Yamuna Nagar                   | IND         | Haryana           |     144346 |
| 1221 | Sonipat (Sonepat)              | IND         | Haryana           |     143922 |
| 1222 | Tenali                         | IND         | Andhra Pradesh    |     143726 |
| 1223 | Raurkela Civil Township        | IND         | Orissa            |     140408 |
| 1224 | Kollam (Quilon)                | IND         | Kerala            |     139852 |
| 1225 | Kumbakonam                     | IND         | Tamil Nadu        |     139483 |
| 1226 | Ingraj Bazar (English Bazar)   | IND         | West Bengali      |     139204 |
| 1227 | Timkur                         | IND         | Karnataka         |     138903 |
| 1228 | Amroha                         | IND         | Uttar Pradesh     |     137061 |
| 1229 | Serampore                      | IND         | West Bengali      |     137028 |
| 1230 | Chapra                         | IND         | Bihar             |     136877 |
| 1231 | Pali                           | IND         | Rajasthan         |     136842 |
| 1232 | Maunath Bhanjan                | IND         | Uttar Pradesh     |     136697 |
| 1233 | Adoni                          | IND         | Andhra Pradesh    |     136182 |
| 1234 | Jaunpur                        | IND         | Uttar Pradesh     |     136062 |
| 1235 | Tirunelveli                    | IND         | Tamil Nadu        |     135825 |
| 1236 | Bahraich                       | IND         | Uttar Pradesh     |     135400 |
| 1237 | Gadag Betigeri                 | IND         | Karnataka         |     134051 |
| 1238 | Proddatur                      | IND         | Andhra Pradesh    |     133914 |
| 1239 | Chittoor                       | IND         | Andhra Pradesh    |     133462 |
| 1240 | Barrackpur                     | IND         | West Bengali      |     133265 |
| 1241 | Bharuch (Broach)               | IND         | Gujarat           |     133102 |
| 1242 | Naihati                        | IND         | West Bengali      |     132701 |
| 1243 | Shillong                       | IND         | Meghalaya         |     131719 |
| 1244 | Sambalpur                      | IND         | Orissa            |     131138 |
| 1245 | Junagadh                       | IND         | Gujarat           |     130484 |
| 1246 | Rae Bareli                     | IND         | Uttar Pradesh     |     129904 |
| 1247 | Rewa                           | IND         | Madhya Pradesh    |     128981 |
| 1248 | Gurgaon                        | IND         | Haryana           |     128608 |
| 1249 | Khammam                        | IND         | Andhra Pradesh    |     127992 |
| 1250 | Bulandshahr                    | IND         | Uttar Pradesh     |     127201 |
| 1251 | Navsari                        | IND         | Gujarat           |     126089 |
| 1252 | Malkajgiri                     | IND         | Andhra Pradesh    |     126066 |
| 1253 | Midnapore (Medinipur)          | IND         | West Bengali      |     125498 |
| 1254 | Miraj                          | IND         | Maharashtra       |     125407 |
| 1255 | Raj Nandgaon                   | IND         | Chhatisgarh       |     125371 |
| 1256 | Alandur                        | IND         | Tamil Nadu        |     125244 |
| 1257 | Puri                           | IND         | Orissa            |     125199 |
| 1258 | Navadwip                       | IND         | West Bengali      |     125037 |
| 1259 | Sirsa                          | IND         | Haryana           |     125000 |
| 1260 | Korba                          | IND         | Chhatisgarh       |     124501 |
| 1261 | Faizabad                       | IND         | Uttar Pradesh     |     124437 |
| 1262 | Etawah                         | IND         | Uttar Pradesh     |     124072 |
| 1263 | Pathankot                      | IND         | Punjab            |     123930 |
| 1264 | Gandhinagar                    | IND         | Gujarat           |     123359 |
| 1265 | Palghat (Palakkad)             | IND         | Kerala            |     123289 |
| 1266 | Veraval                        | IND         | Gujarat           |     123000 |
| 1267 | Hoshiarpur                     | IND         | Punjab            |     122705 |
| 1268 | Ambala                         | IND         | Haryana           |     122596 |
| 1269 | Sitapur                        | IND         | Uttar Pradesh     |     121842 |
| 1270 | Bhiwani                        | IND         | Haryana           |     121629 |
| 1271 | Cuddapah                       | IND         | Andhra Pradesh    |     121463 |
| 1272 | Bhimavaram                     | IND         | Andhra Pradesh    |     121314 |
| 1273 | Krishnanagar                   | IND         | West Bengali      |     121110 |
| 1274 | Chandannagar                   | IND         | West Bengali      |     120378 |
| 1275 | Mandya                         | IND         | Karnataka         |     120265 |
| 1276 | Dibrugarh                      | IND         | Assam             |     120127 |
| 1277 | Nandyal                        | IND         | Andhra Pradesh    |     119813 |
| 1278 | Balurghat                      | IND         | West Bengali      |     119796 |
| 1279 | Neyveli                        | IND         | Tamil Nadu        |     118080 |
| 1280 | Fatehpur                       | IND         | Uttar Pradesh     |     117675 |
| 1281 | Mahbubnagar                    | IND         | Andhra Pradesh    |     116833 |
| 1282 | Budaun                         | IND         | Uttar Pradesh     |     116695 |
| 1283 | Porbandar                      | IND         | Gujarat           |     116671 |
| 1284 | Silchar                        | IND         | Assam             |     115483 |
| 1285 | Berhampore (Baharampur)        | IND         | West Bengali      |     115144 |
| 1286 | Purnea (Purnia)                | IND         | Jharkhand         |     114912 |
| 1287 | Bankura                        | IND         | West Bengali      |     114876 |
| 1288 | Rajapalaiyam                   | IND         | Tamil Nadu        |     114202 |
| 1289 | Titagarh                       | IND         | West Bengali      |     114085 |
| 1290 | Halisahar                      | IND         | West Bengali      |     114028 |
| 1291 | Hathras                        | IND         | Uttar Pradesh     |     113285 |
| 1292 | Bhir (Bid)                     | IND         | Maharashtra       |     112434 |
| 1293 | Pallavaram                     | IND         | Tamil Nadu        |     111866 |
| 1294 | Anand                          | IND         | Gujarat           |     110266 |
| 1295 | Mango                          | IND         | Jharkhand         |     110024 |
| 1296 | Santipur                       | IND         | West Bengali      |     109956 |
| 1297 | Bhind                          | IND         | Madhya Pradesh    |     109755 |
| 1298 | Gondiya                        | IND         | Maharashtra       |     109470 |
| 1299 | Tiruvannamalai                 | IND         | Tamil Nadu        |     109196 |
| 1300 | Yeotmal (Yavatmal)             | IND         | Maharashtra       |     108578 |
| 1301 | Kulti-Barakar                  | IND         | West Bengali      |     108518 |
| 1302 | Moga                           | IND         | Punjab            |     108304 |
| 1303 | Shivapuri                      | IND         | Madhya Pradesh    |     108277 |
| 1304 | Bidar                          | IND         | Karnataka         |     108016 |
| 1305 | Guntakal                       | IND         | Andhra Pradesh    |     107592 |
| 1306 | Unnao                          | IND         | Uttar Pradesh     |     107425 |
| 1307 | Barasat                        | IND         | West Bengali      |     107365 |
| 1308 | Tambaram                       | IND         | Tamil Nadu        |     107187 |
| 1309 | Abohar                         | IND         | Punjab            |     107163 |
| 1310 | Pilibhit                       | IND         | Uttar Pradesh     |     106605 |
| 1311 | Valparai                       | IND         | Tamil Nadu        |     106523 |
| 1312 | Gonda                          | IND         | Uttar Pradesh     |     106078 |
| 1313 | Surendranagar                  | IND         | Gujarat           |     105973 |
| 1314 | Qutubullapur                   | IND         | Andhra Pradesh    |     105380 |
| 1315 | Beawar                         | IND         | Rajasthan         |     105363 |
| 1316 | Hindupur                       | IND         | Andhra Pradesh    |     104651 |
| 1317 | Gandhidham                     | IND         | Gujarat           |     104585 |
| 1318 | Haldwani-cum-Kathgodam         | IND         | Uttaranchal       |     104195 |
| 1319 | Tellicherry (Thalassery)       | IND         | Kerala            |     103579 |
| 1320 | Wardha                         | IND         | Maharashtra       |     102985 |
| 1321 | Rishra                         | IND         | West Bengali      |     102649 |
| 1322 | Bhuj                           | IND         | Gujarat           |     102176 |
| 1323 | Modinagar                      | IND         | Uttar Pradesh     |     101660 |
| 1324 | Gudivada                       | IND         | Andhra Pradesh    |     101656 |
| 1325 | Basirhat                       | IND         | West Bengali      |     101409 |
| 1326 | Uttarpara-Kotrung              | IND         | West Bengali      |     100867 |
| 1327 | Ongole                         | IND         | Andhra Pradesh    |     100836 |
| 1328 | North Barrackpur               | IND         | West Bengali      |     100513 |
| 1329 | Guna                           | IND         | Madhya Pradesh    |     100490 |
| 1330 | Haldia                         | IND         | West Bengali      |     100347 |
| 1331 | Habra                          | IND         | West Bengali      |     100223 |
| 1332 | Kanchrapara                    | IND         | West Bengali      |     100194 |
| 1333 | Tonk                           | IND         | Rajasthan         |     100079 |
| 1334 | Champdani                      | IND         | West Bengali      |      98818 |
| 1335 | Orai                           | IND         | Uttar Pradesh     |      98640 |
| 1336 | Pudukkottai                    | IND         | Tamil Nadu        |      98619 |
| 1337 | Sasaram                        | IND         | Bihar             |      98220 |
| 1338 | Hazaribag                      | IND         | Jharkhand         |      97712 |
| 1339 | Palayankottai                  | IND         | Tamil Nadu        |      97662 |
| 1340 | Banda                          | IND         | Uttar Pradesh     |      97227 |
| 1341 | Godhra                         | IND         | Gujarat           |      96813 |
| 1342 | Hospet                         | IND         | Karnataka         |      96322 |
| 1343 | Ashoknagar-Kalyangarh          | IND         | West Bengali      |      96315 |
| 1344 | Achalpur                       | IND         | Maharashtra       |      96216 |
| 1345 | Patan                          | IND         | Gujarat           |      96109 |
| 1346 | Mandasor                       | IND         | Madhya Pradesh    |      95758 |
| 1347 | Damoh                          | IND         | Madhya Pradesh    |      95661 |
| 1348 | Satara                         | IND         | Maharashtra       |      95133 |
| 1349 | Meerut Cantonment              | IND         | Uttar Pradesh     |      94876 |
| 1350 | Dehri                          | IND         | Bihar             |      94526 |
| 1351 | Delhi Cantonment               | IND         | Delhi             |      94326 |
| 1352 | Chhindwara                     | IND         | Madhya Pradesh    |      93731 |
| 1353 | Bansberia                      | IND         | West Bengali      |      93447 |
| 1354 | Nagaon                         | IND         | Assam             |      93350 |
| 1355 | Kanpur Cantonment              | IND         | Uttar Pradesh     |      93109 |
| 1356 | Vidisha                        | IND         | Madhya Pradesh    |      92917 |
| 1357 | Bettiah                        | IND         | Bihar             |      92583 |
| 1358 | Purulia                        | IND         | Jharkhand         |      92574 |
| 1359 | Hassan                         | IND         | Karnataka         |      90803 |
| 1360 | Ambala Sadar                   | IND         | Haryana           |      90712 |
| 1361 | Baidyabati                     | IND         | West Bengali      |      90601 |
| 1362 | Morvi                          | IND         | Gujarat           |      90357 |
| 1363 | Raigarh                        | IND         | Chhatisgarh       |      89166 |
| 1364 | Vejalpur                       | IND         | Gujarat           |      89053 |
+------+--------------------------------+-------------+-------------------+------------+
341 rows in set (0.001 sec)

MariaDB [world]> select * from india_data limit 10;
+------+--------------------+-------------+----------------+------------+
| ID   | Name               | CountryCode | District       | Population |
+------+--------------------+-------------+----------------+------------+
| 1024 | Mumbai (Bombay)    | IND         | Maharashtra    |   10500000 |
| 1025 | Delhi              | IND         | Delhi          |    7206704 |
| 1026 | Calcutta [Kolkata] | IND         | West Bengali   |    4399819 |
| 1027 | Chennai (Madras)   | IND         | Tamil Nadu     |    3841396 |
| 1028 | Hyderabad          | IND         | Andhra Pradesh |    2964638 |
| 1029 | Ahmedabad          | IND         | Gujarat        |    2876710 |
| 1030 | Bangalore          | IND         | Karnataka      |    2660088 |
| 1031 | Kanpur             | IND         | Uttar Pradesh  |    1874409 |
| 1032 | Nagpur             | IND         | Maharashtra    |    1624752 |
| 1033 | Lucknow            | IND         | Uttar Pradesh  |    1619115 |
+------+--------------------+-------------+----------------+------------+
10 rows in set (0.000 sec)

MariaDB [world]> select * from city where district='rajasthan';
+------+------------+-------------+-----------+------------+
| ID   | Name       | CountryCode | District  | Population |
+------+------------+-------------+-----------+------------+
| 1036 | Jaipur     | IND         | Rajasthan |    1458483 |
| 1058 | Jodhpur    | IND         | Rajasthan |     666279 |
| 1068 | Kota       | IND         | Rajasthan |     537371 |
| 1085 | Bikaner    | IND         | Rajasthan |     416289 |
| 1089 | Ajmer      | IND         | Rajasthan |     402700 |
| 1105 | Udaipur    | IND         | Rajasthan |     308571 |
| 1149 | Alwar      | IND         | Rajasthan |     205086 |
| 1164 | Bhilwara   | IND         | Rajasthan |     183965 |
| 1188 | Ganganagar | IND         | Rajasthan |     161482 |
| 1211 | Bharatpur  | IND         | Rajasthan |     148519 |
| 1212 | Sikar      | IND         | Rajasthan |     148272 |
| 1231 | Pali       | IND         | Rajasthan |     136842 |
| 1315 | Beawar     | IND         | Rajasthan |     105363 |
| 1333 | Tonk       | IND         | Rajasthan |     100079 |
+------+------------+-------------+-----------+------------+
14 rows in set (0.001 sec)

MariaDB [world]> select sum(population) from city where district='rajasthan';
+-----------------+
| sum(population) |
+-----------------+
|         4979301 |
+-----------------+
1 row in set (0.002 sec)

MariaDB [world]> select sum(population) from india_data where district='rajasthan';
+-----------------+
| sum(population) |
+-----------------+
|         4979301 |
+-----------------+
1 row in set (0.000 sec)

MariaDB [world]>
MariaDB [world]>
MariaDB [world]> select * from city limit 20;
+----+-------------------+-------------+---------------+------------+
| ID | Name              | CountryCode | District      | Population |
+----+-------------------+-------------+---------------+------------+
|  1 | Kabul             | AFG         | Kabol         |    1780000 |
|  2 | Qandahar          | AFG         | Qandahar      |     237500 |
|  3 | Herat             | AFG         | Herat         |     186800 |
|  4 | Mazar-e-Sharif    | AFG         | Balkh         |     127800 |
|  5 | Amsterdam         | NLD         | Noord-Holland |     731200 |
|  6 | Rotterdam         | NLD         | Zuid-Holland  |     593321 |
|  7 | Haag              | NLD         | Zuid-Holland  |     440900 |
|  8 | Utrecht           | NLD         | Utrecht       |     234323 |
|  9 | Eindhoven         | NLD         | Noord-Brabant |     201843 |
| 10 | Tilburg           | NLD         | Noord-Brabant |     193238 |
| 11 | Groningen         | NLD         | Groningen     |     172701 |
| 12 | Breda             | NLD         | Noord-Brabant |     160398 |
| 13 | Apeldoorn         | NLD         | Gelderland    |     153491 |
| 14 | Nijmegen          | NLD         | Gelderland    |     152463 |
| 15 | Enschede          | NLD         | Overijssel    |     149544 |
| 16 | Haarlem           | NLD         | Noord-Holland |     148772 |
| 17 | Almere            | NLD         | Flevoland     |     142465 |
| 18 | Arnhem            | NLD         | Gelderland    |     138020 |
| 19 | Zaanstad          | NLD         | Noord-Holland |     135621 |
| 20 | s-Hertogenbosch  | NLD         | Noord-Brabant |     129170 |
+----+-------------------+-------------+---------------+------------+
20 rows in set (0.000 sec)

MariaDB [world]> select * from city where countrycode='usa';
+------+-------------------------+-------------+----------------------+------------+
| ID   | Name                    | CountryCode | District             | Population |
+------+-------------------------+-------------+----------------------+------------+
| 3793 | New York                | USA         | New York             |    8008278 |
| 3794 | Los Angeles             | USA         | California           |    3694820 |
| 3795 | Chicago                 | USA         | Illinois             |    2896016 |
| 3796 | Houston                 | USA         | Texas                |    1953631 |
| 3797 | Philadelphia            | USA         | Pennsylvania         |    1517550 |
| 3798 | Phoenix                 | USA         | Arizona              |    1321045 |
| 3799 | San Diego               | USA         | California           |    1223400 |
| 3800 | Dallas                  | USA         | Texas                |    1188580 |
| 3801 | San Antonio             | USA         | Texas                |    1144646 |
| 3802 | Detroit                 | USA         | Michigan             |     951270 |
| 3803 | San Jose                | USA         | California           |     894943 |
| 3804 | Indianapolis            | USA         | Indiana              |     791926 |
| 3805 | San Francisco           | USA         | California           |     776733 |
| 3806 | Jacksonville            | USA         | Florida              |     735167 |
| 3807 | Columbus                | USA         | Ohio                 |     711470 |
| 3808 | Austin                  | USA         | Texas                |     656562 |
| 3809 | Baltimore               | USA         | Maryland             |     651154 |
| 3810 | Memphis                 | USA         | Tennessee            |     650100 |
| 3811 | Milwaukee               | USA         | Wisconsin            |     596974 |
| 3812 | Boston                  | USA         | Massachusetts        |     589141 |
| 3813 | Washington              | USA         | District of Columbia |     572059 |
| 3814 | Nashville-Davidson      | USA         | Tennessee            |     569891 |
| 3815 | El Paso                 | USA         | Texas                |     563662 |
| 3816 | Seattle                 | USA         | Washington           |     563374 |
| 3817 | Denver                  | USA         | Colorado             |     554636 |
| 3818 | Charlotte               | USA         | North Carolina       |     540828 |
| 3819 | Fort Worth              | USA         | Texas                |     534694 |
| 3820 | Portland                | USA         | Oregon               |     529121 |
| 3821 | Oklahoma City           | USA         | Oklahoma             |     506132 |
| 3822 | Tucson                  | USA         | Arizona              |     486699 |
| 3823 | New Orleans             | USA         | Louisiana            |     484674 |
| 3824 | Las Vegas               | USA         | Nevada               |     478434 |
| 3825 | Cleveland               | USA         | Ohio                 |     478403 |
| 3826 | Long Beach              | USA         | California           |     461522 |
| 3827 | Albuquerque             | USA         | New Mexico           |     448607 |
| 3828 | Kansas City             | USA         | Missouri             |     441545 |
| 3829 | Fresno                  | USA         | California           |     427652 |
| 3830 | Virginia Beach          | USA         | Virginia             |     425257 |
| 3831 | Atlanta                 | USA         | Georgia              |     416474 |
| 3832 | Sacramento              | USA         | California           |     407018 |
| 3833 | Oakland                 | USA         | California           |     399484 |
| 3834 | Mesa                    | USA         | Arizona              |     396375 |
| 3835 | Tulsa                   | USA         | Oklahoma             |     393049 |
| 3836 | Omaha                   | USA         | Nebraska             |     390007 |
| 3837 | Minneapolis             | USA         | Minnesota            |     382618 |
| 3838 | Honolulu                | USA         | Hawaii               |     371657 |
| 3839 | Miami                   | USA         | Florida              |     362470 |
| 3840 | Colorado Springs        | USA         | Colorado             |     360890 |
| 3841 | Saint Louis             | USA         | Missouri             |     348189 |
| 3842 | Wichita                 | USA         | Kansas               |     344284 |
| 3843 | Santa Ana               | USA         | California           |     337977 |
| 3844 | Pittsburgh              | USA         | Pennsylvania         |     334563 |
| 3845 | Arlington               | USA         | Texas                |     332969 |
| 3846 | Cincinnati              | USA         | Ohio                 |     331285 |
| 3847 | Anaheim                 | USA         | California           |     328014 |
| 3848 | Toledo                  | USA         | Ohio                 |     313619 |
| 3849 | Tampa                   | USA         | Florida              |     303447 |
| 3850 | Buffalo                 | USA         | New York             |     292648 |
| 3851 | Saint Paul              | USA         | Minnesota            |     287151 |
| 3852 | Corpus Christi          | USA         | Texas                |     277454 |
| 3853 | Aurora                  | USA         | Colorado             |     276393 |
| 3854 | Raleigh                 | USA         | North Carolina       |     276093 |
| 3855 | Newark                  | USA         | New Jersey           |     273546 |
| 3856 | Lexington-Fayette       | USA         | Kentucky             |     260512 |
| 3857 | Anchorage               | USA         | Alaska               |     260283 |
| 3858 | Louisville              | USA         | Kentucky             |     256231 |
| 3859 | Riverside               | USA         | California           |     255166 |
| 3860 | Saint Petersburg        | USA         | Florida              |     248232 |
| 3861 | Bakersfield             | USA         | California           |     247057 |
| 3862 | Stockton                | USA         | California           |     243771 |
| 3863 | Birmingham              | USA         | Alabama              |     242820 |
| 3864 | Jersey City             | USA         | New Jersey           |     240055 |
| 3865 | Norfolk                 | USA         | Virginia             |     234403 |
| 3866 | Baton Rouge             | USA         | Louisiana            |     227818 |
| 3867 | Hialeah                 | USA         | Florida              |     226419 |
| 3868 | Lincoln                 | USA         | Nebraska             |     225581 |
| 3869 | Greensboro              | USA         | North Carolina       |     223891 |
| 3870 | Plano                   | USA         | Texas                |     222030 |
| 3871 | Rochester               | USA         | New York             |     219773 |
| 3872 | Glendale                | USA         | Arizona              |     218812 |
| 3873 | Akron                   | USA         | Ohio                 |     217074 |
| 3874 | Garland                 | USA         | Texas                |     215768 |
| 3875 | Madison                 | USA         | Wisconsin            |     208054 |
| 3876 | Fort Wayne              | USA         | Indiana              |     205727 |
| 3877 | Fremont                 | USA         | California           |     203413 |
| 3878 | Scottsdale              | USA         | Arizona              |     202705 |
| 3879 | Montgomery              | USA         | Alabama              |     201568 |
| 3880 | Shreveport              | USA         | Louisiana            |     200145 |
| 3881 | Augusta-Richmond County | USA         | Georgia              |     199775 |
| 3882 | Lubbock                 | USA         | Texas                |     199564 |
| 3883 | Chesapeake              | USA         | Virginia             |     199184 |
| 3884 | Mobile                  | USA         | Alabama              |     198915 |
| 3885 | Des Moines              | USA         | Iowa                 |     198682 |
| 3886 | Grand Rapids            | USA         | Michigan             |     197800 |
| 3887 | Richmond                | USA         | Virginia             |     197790 |
| 3888 | Yonkers                 | USA         | New York             |     196086 |
| 3889 | Spokane                 | USA         | Washington           |     195629 |
| 3890 | Glendale                | USA         | California           |     194973 |
| 3891 | Tacoma                  | USA         | Washington           |     193556 |
| 3892 | Irving                  | USA         | Texas                |     191615 |
| 3893 | Huntington Beach        | USA         | California           |     189594 |
| 3894 | Modesto                 | USA         | California           |     188856 |
| 3895 | Durham                  | USA         | North Carolina       |     187035 |
| 3896 | Columbus                | USA         | Georgia              |     186291 |
| 3897 | Orlando                 | USA         | Florida              |     185951 |
| 3898 | Boise City              | USA         | Idaho                |     185787 |
| 3899 | Winston-Salem           | USA         | North Carolina       |     185776 |
| 3900 | San Bernardino          | USA         | California           |     185401 |
| 3901 | Jackson                 | USA         | Mississippi          |     184256 |
| 3902 | Little Rock             | USA         | Arkansas             |     183133 |
| 3903 | Salt Lake City          | USA         | Utah                 |     181743 |
| 3904 | Reno                    | USA         | Nevada               |     180480 |
| 3905 | Newport News            | USA         | Virginia             |     180150 |
| 3906 | Chandler                | USA         | Arizona              |     176581 |
| 3907 | Laredo                  | USA         | Texas                |     176576 |
| 3908 | Henderson               | USA         | Nevada               |     175381 |
| 3909 | Arlington               | USA         | Virginia             |     174838 |
| 3910 | Knoxville               | USA         | Tennessee            |     173890 |
| 3911 | Amarillo                | USA         | Texas                |     173627 |
| 3912 | Providence              | USA         | Rhode Island         |     173618 |
| 3913 | Chula Vista             | USA         | California           |     173556 |
| 3914 | Worcester               | USA         | Massachusetts        |     172648 |
| 3915 | Oxnard                  | USA         | California           |     170358 |
| 3916 | Dayton                  | USA         | Ohio                 |     166179 |
| 3917 | Garden Grove            | USA         | California           |     165196 |
| 3918 | Oceanside               | USA         | California           |     161029 |
| 3919 | Tempe                   | USA         | Arizona              |     158625 |
| 3920 | Huntsville              | USA         | Alabama              |     158216 |
| 3921 | Ontario                 | USA         | California           |     158007 |
| 3922 | Chattanooga             | USA         | Tennessee            |     155554 |
| 3923 | Fort Lauderdale         | USA         | Florida              |     152397 |
| 3924 | Springfield             | USA         | Massachusetts        |     152082 |
| 3925 | Springfield             | USA         | Missouri             |     151580 |
| 3926 | Santa Clarita           | USA         | California           |     151088 |
| 3927 | Salinas                 | USA         | California           |     151060 |
| 3928 | Tallahassee             | USA         | Florida              |     150624 |
| 3929 | Rockford                | USA         | Illinois             |     150115 |
| 3930 | Pomona                  | USA         | California           |     149473 |
| 3931 | Metairie                | USA         | Louisiana            |     149428 |
| 3932 | Paterson                | USA         | New Jersey           |     149222 |
| 3933 | Overland Park           | USA         | Kansas               |     149080 |
| 3934 | Santa Rosa              | USA         | California           |     147595 |
| 3935 | Syracuse                | USA         | New York             |     147306 |
| 3936 | Kansas City             | USA         | Kansas               |     146866 |
| 3937 | Hampton                 | USA         | Virginia             |     146437 |
| 3938 | Lakewood                | USA         | Colorado             |     144126 |
| 3939 | Vancouver               | USA         | Washington           |     143560 |
| 3940 | Irvine                  | USA         | California           |     143072 |
| 3941 | Aurora                  | USA         | Illinois             |     142990 |
| 3942 | Moreno Valley           | USA         | California           |     142381 |
| 3943 | Pasadena                | USA         | California           |     141674 |
| 3944 | Hayward                 | USA         | California           |     140030 |
| 3945 | Brownsville             | USA         | Texas                |     139722 |
| 3946 | Bridgeport              | USA         | Connecticut          |     139529 |
| 3947 | Hollywood               | USA         | Florida              |     139357 |
| 3948 | Warren                  | USA         | Michigan             |     138247 |
| 3949 | Torrance                | USA         | California           |     137946 |
| 3950 | Eugene                  | USA         | Oregon               |     137893 |
| 3951 | Pembroke Pines          | USA         | Florida              |     137427 |
| 3952 | Salem                   | USA         | Oregon               |     136924 |
| 3953 | Pasadena                | USA         | Texas                |     133936 |
| 3954 | Escondido               | USA         | California           |     133559 |
| 3955 | Sunnyvale               | USA         | California           |     131760 |
| 3956 | Savannah                | USA         | Georgia              |     131510 |
| 3957 | Fontana                 | USA         | California           |     128929 |
| 3958 | Orange                  | USA         | California           |     128821 |
| 3959 | Naperville              | USA         | Illinois             |     128358 |
| 3960 | Alexandria              | USA         | Virginia             |     128283 |
| 3961 | Rancho Cucamonga        | USA         | California           |     127743 |
| 3962 | Grand Prairie           | USA         | Texas                |     127427 |
| 3963 | East Los Angeles        | USA         | California           |     126379 |
| 3964 | Fullerton               | USA         | California           |     126003 |
| 3965 | Corona                  | USA         | California           |     124966 |
| 3966 | Flint                   | USA         | Michigan             |     124943 |
| 3967 | Paradise                | USA         | Nevada               |     124682 |
| 3968 | Mesquite                | USA         | Texas                |     124523 |
| 3969 | Sterling Heights        | USA         | Michigan             |     124471 |
| 3970 | Sioux Falls             | USA         | South Dakota         |     123975 |
| 3971 | New Haven               | USA         | Connecticut          |     123626 |
| 3972 | Topeka                  | USA         | Kansas               |     122377 |
| 3973 | Concord                 | USA         | California           |     121780 |
| 3974 | Evansville              | USA         | Indiana              |     121582 |
| 3975 | Hartford                | USA         | Connecticut          |     121578 |
| 3976 | Fayetteville            | USA         | North Carolina       |     121015 |
| 3977 | Cedar Rapids            | USA         | Iowa                 |     120758 |
| 3978 | Elizabeth               | USA         | New Jersey           |     120568 |
| 3979 | Lansing                 | USA         | Michigan             |     119128 |
| 3980 | Lancaster               | USA         | California           |     118718 |
| 3981 | Fort Collins            | USA         | Colorado             |     118652 |
| 3982 | Coral Springs           | USA         | Florida              |     117549 |
| 3983 | Stamford                | USA         | Connecticut          |     117083 |
| 3984 | Thousand Oaks           | USA         | California           |     117005 |
| 3985 | Vallejo                 | USA         | California           |     116760 |
| 3986 | Palmdale                | USA         | California           |     116670 |
| 3987 | Columbia                | USA         | South Carolina       |     116278 |
| 3988 | El Monte                | USA         | California           |     115965 |
| 3989 | Abilene                 | USA         | Texas                |     115930 |
| 3990 | North Las Vegas         | USA         | Nevada               |     115488 |
| 3991 | Ann Arbor               | USA         | Michigan             |     114024 |
| 3992 | Beaumont                | USA         | Texas                |     113866 |
| 3993 | Waco                    | USA         | Texas                |     113726 |
| 3994 | Macon                   | USA         | Georgia              |     113336 |
| 3995 | Independence            | USA         | Missouri             |     113288 |
| 3996 | Peoria                  | USA         | Illinois             |     112936 |
| 3997 | Inglewood               | USA         | California           |     112580 |
| 3998 | Springfield             | USA         | Illinois             |     111454 |
| 3999 | Simi Valley             | USA         | California           |     111351 |
| 4000 | Lafayette               | USA         | Louisiana            |     110257 |
| 4001 | Gilbert                 | USA         | Arizona              |     109697 |
| 4002 | Carrollton              | USA         | Texas                |     109576 |
| 4003 | Bellevue                | USA         | Washington           |     109569 |
| 4004 | West Valley City        | USA         | Utah                 |     108896 |
| 4005 | Clarksville             | USA         | Tennessee            |     108787 |
| 4006 | Costa Mesa              | USA         | California           |     108724 |
| 4007 | Peoria                  | USA         | Arizona              |     108364 |
| 4008 | South Bend              | USA         | Indiana              |     107789 |
| 4009 | Downey                  | USA         | California           |     107323 |
| 4010 | Waterbury               | USA         | Connecticut          |     107271 |
| 4011 | Manchester              | USA         | New Hampshire        |     107006 |
| 4012 | Allentown               | USA         | Pennsylvania         |     106632 |
| 4013 | McAllen                 | USA         | Texas                |     106414 |
| 4014 | Joliet                  | USA         | Illinois             |     106221 |
| 4015 | Lowell                  | USA         | Massachusetts        |     105167 |
| 4016 | Provo                   | USA         | Utah                 |     105166 |
| 4017 | West Covina             | USA         | California           |     105080 |
| 4018 | Wichita Falls           | USA         | Texas                |     104197 |
| 4019 | Erie                    | USA         | Pennsylvania         |     103717 |
| 4020 | Daly City               | USA         | California           |     103621 |
| 4021 | Citrus Heights          | USA         | California           |     103455 |
| 4022 | Norwalk                 | USA         | California           |     103298 |
| 4023 | Gary                    | USA         | Indiana              |     102746 |
| 4024 | Berkeley                | USA         | California           |     102743 |
| 4025 | Santa Clara             | USA         | California           |     102361 |
| 4026 | Green Bay               | USA         | Wisconsin            |     102313 |
| 4027 | Cape Coral              | USA         | Florida              |     102286 |
| 4028 | Arvada                  | USA         | Colorado             |     102153 |
| 4029 | Pueblo                  | USA         | Colorado             |     102121 |
| 4030 | Sandy                   | USA         | Utah                 |     101853 |
| 4031 | Athens-Clarke County    | USA         | Georgia              |     101489 |
| 4032 | Cambridge               | USA         | Massachusetts        |     101355 |
| 4033 | Westminster             | USA         | Colorado             |     100940 |
| 4034 | San Buenaventura        | USA         | California           |     100916 |
| 4035 | Portsmouth              | USA         | Virginia             |     100565 |
| 4036 | Livonia                 | USA         | Michigan             |     100545 |
| 4037 | Burbank                 | USA         | California           |     100316 |
| 4038 | Clearwater              | USA         | Florida              |      99936 |
| 4039 | Midland                 | USA         | Texas                |      98293 |
| 4040 | Davenport               | USA         | Iowa                 |      98256 |
| 4041 | Mission Viejo           | USA         | California           |      98049 |
| 4042 | Miami Beach             | USA         | Florida              |      97855 |
| 4043 | Sunrise Manor           | USA         | Nevada               |      95362 |
| 4044 | New Bedford             | USA         | Massachusetts        |      94780 |
| 4045 | El Cajon                | USA         | California           |      94578 |
| 4046 | Norman                  | USA         | Oklahoma             |      94193 |
| 4047 | Richmond                | USA         | California           |      94100 |
| 4048 | Albany                  | USA         | New York             |      93994 |
| 4049 | Brockton                | USA         | Massachusetts        |      93653 |
| 4050 | Roanoke                 | USA         | Virginia             |      93357 |
| 4051 | Billings                | USA         | Montana              |      92988 |
| 4052 | Compton                 | USA         | California           |      92864 |
| 4053 | Gainesville             | USA         | Florida              |      92291 |
| 4054 | Fairfield               | USA         | California           |      92256 |
| 4055 | Arden-Arcade            | USA         | California           |      92040 |
| 4056 | San Mateo               | USA         | California           |      91799 |
| 4057 | Visalia                 | USA         | California           |      91762 |
| 4058 | Boulder                 | USA         | Colorado             |      91238 |
| 4059 | Cary                    | USA         | North Carolina       |      91213 |
| 4060 | Santa Monica            | USA         | California           |      91084 |
| 4061 | Fall River              | USA         | Massachusetts        |      90555 |
| 4062 | Kenosha                 | USA         | Wisconsin            |      89447 |
| 4063 | Elgin                   | USA         | Illinois             |      89408 |
| 4064 | Odessa                  | USA         | Texas                |      89293 |
| 4065 | Carson                  | USA         | California           |      89089 |
| 4066 | Charleston              | USA         | South Carolina       |      89063 |
+------+-------------------------+-------------+----------------------+------------+
274 rows in set (0.001 sec)

MariaDB [world]> select count(*) from city where countrycode='usa';
+----------+
| count(*) |
+----------+
|      274 |
+----------+
1 row in set (0.000 sec)

MariaDB [world]>
MariaDB [world]>
MariaDB [world]>
MariaDB [world]>
MariaDB [world]> -- alter query
MariaDB [world]>
MariaDB [world]>
MariaDB [world]>
MariaDB [world]> use python11am;
Database changed
MariaDB [python11am]> show tables;
+----------------------+
| Tables_in_python11am |
+----------------------+
| fees                 |
| person               |
| student              |
| temp                 |
+----------------------+
4 rows in set (0.000 sec)

MariaDB [python11am]> select * from student;
+-----+--------+------+
| sid | name   | age  |
+-----+--------+------+
|   1 | robin  |   22 |
|   2 | aman   |   20 |
|   3 | ram    |   21 |
|   4 | rajat  |   22 |
|   7 | naman  |   26 |
|   8 | tanu   |   20 |
|   9 | bharat |   22 |
|  10 | gaurav |   26 |
|  11 | deepak |   20 |
|  12 | deep   |   26 |
+-----+--------+------+
10 rows in set (0.006 sec)

MariaDB [python11am]> alter table student add course varchar(50);
Query OK, 0 rows affected (0.011 sec)
Records: 0  Duplicates: 0  Warnings: 0

MariaDB [python11am]> select * from student;
+-----+--------+------+--------+
| sid | name   | age  | course |
+-----+--------+------+--------+
|   1 | robin  |   22 | NULL   |
|   2 | aman   |   20 | NULL   |
|   3 | ram    |   21 | NULL   |
|   4 | rajat  |   22 | NULL   |
|   7 | naman  |   26 | NULL   |
|   8 | tanu   |   20 | NULL   |
|   9 | bharat |   22 | NULL   |
|  10 | gaurav |   26 | NULL   |
|  11 | deepak |   20 | NULL   |
|  12 | deep   |   26 | NULL   |
+-----+--------+------+--------+
10 rows in set (0.000 sec)

MariaDB [python11am]> update student set course='python' where sid in (1,3,5,7,9);
Query OK, 4 rows affected (0.004 sec)
Rows matched: 4  Changed: 4  Warnings: 0

MariaDB [python11am]> select * from student;
+-----+--------+------+--------+
| sid | name   | age  | course |
+-----+--------+------+--------+
|   1 | robin  |   22 | python |
|   2 | aman   |   20 | NULL   |
|   3 | ram    |   21 | python |
|   4 | rajat  |   22 | NULL   |
|   7 | naman  |   26 | python |
|   8 | tanu   |   20 | NULL   |
|   9 | bharat |   22 | python |
|  10 | gaurav |   26 | NULL   |
|  11 | deepak |   20 | NULL   |
|  12 | deep   |   26 | NULL   |
+-----+--------+------+--------+
10 rows in set (0.000 sec)

MariaDB [python11am]> update student set course='aws' where course is null;
Query OK, 6 rows affected (0.003 sec)
Rows matched: 6  Changed: 6  Warnings: 0

MariaDB [python11am]> select * from student;
+-----+--------+------+--------+
| sid | name   | age  | course |
+-----+--------+------+--------+
|   1 | robin  |   22 | python |
|   2 | aman   |   20 | aws    |
|   3 | ram    |   21 | python |
|   4 | rajat  |   22 | aws    |
|   7 | naman  |   26 | python |
|   8 | tanu   |   20 | aws    |
|   9 | bharat |   22 | python |
|  10 | gaurav |   26 | aws    |
|  11 | deepak |   20 | aws    |
|  12 | deep   |   26 | aws    |
+-----+--------+------+--------+
10 rows in set (0.000 sec)

MariaDB [python11am]> alter table student drop column age;
Query OK, 0 rows affected (0.010 sec)
Records: 0  Duplicates: 0  Warnings: 0

MariaDB [python11am]> select * from student;
+-----+--------+--------+
| sid | name   | course |
+-----+--------+--------+
|   1 | robin  | python |
|   2 | aman   | aws    |
|   3 | ram    | python |
|   4 | rajat  | aws    |
|   7 | naman  | python |
|   8 | tanu   | aws    |
|   9 | bharat | python |
|  10 | gaurav | aws    |
|  11 | deepak | aws    |
|  12 | deep   | aws    |
+-----+--------+--------+
10 rows in set (0.000 sec)

MariaDB [python11am]> desc student;
+--------+--------------+------+-----+---------+-------+
| Field  | Type         | Null | Key | Default | Extra |
+--------+--------------+------+-----+---------+-------+
| sid    | int(10)      | NO   | PRI | NULL    |       |
| name   | varchar(100) | YES  |     | NULL    |       |
| course | varchar(50)  | YES  |     | NULL    |       |
+--------+--------------+------+-----+---------+-------+
3 rows in set (0.027 sec)

MariaDB [python11am]>
MariaDB [python11am]> alter table student drop primary key;
ERROR 1025 (HY000): Error on rename of '.\python11am\#sql-3d78_a' to '.\python11am\student' (errno: 150"Foreign key constraint is incorrectly formed")
MariaDB [python11am]>
MariaDB [python11am]>
MariaDB [python11am]>
MariaDB [python11am]> show tables;
+----------------------+
| Tables_in_python11am |
+----------------------+
| fees                 |
| person               |
| student              |
| temp                 |
+----------------------+
4 rows in set (0.001 sec)

MariaDB [python11am]> select * from person;
+-----+--------+-------+-------+
| aid | name   | dose1 | dose2 |
+-----+--------+-------+-------+
| 101 | ram    | yes   | yes   |
| 102 | simran | yes   | no    |
| 103 | rajat  | no    | no    |
| 104 | aman   | yes   | no    |
| 105 | rahul  | yes   | yes   |
| 106 | gaurav | no    | no    |
+-----+--------+-------+-------+
6 rows in set (0.006 sec)

MariaDB [python11am]> des person;
ERROR 1064 (42000): You have an error in your SQL syntax; check the manual that corresponds to your MariaDB server version for the right syntax to use near 'des person' at line 1
MariaDB [python11am]> desc person;
+-------+--------------+------+-----+---------+-------+
| Field | Type         | Null | Key | Default | Extra |
+-------+--------------+------+-----+---------+-------+
| aid   | int(20)      | NO   | PRI | NULL    |       |
| name  | varchar(100) | YES  |     | NULL    |       |
| dose1 | varchar(10)  | NO   |     | NULL    |       |
| dose2 | varchar(10)  | YES  |     | NULL    |       |
+-------+--------------+------+-----+---------+-------+
4 rows in set (0.013 sec)

MariaDB [python11am]> alter table person drop primary key;
Query OK, 6 rows affected (0.028 sec)
Records: 6  Duplicates: 0  Warnings: 0

MariaDB [python11am]> desc person;
+-------+--------------+------+-----+---------+-------+
| Field | Type         | Null | Key | Default | Extra |
+-------+--------------+------+-----+---------+-------+
| aid   | int(20)      | NO   |     | NULL    |       |
| name  | varchar(100) | YES  |     | NULL    |       |
| dose1 | varchar(10)  | NO   |     | NULL    |       |
| dose2 | varchar(10)  | YES  |     | NULL    |       |
+-------+--------------+------+-----+---------+-------+
4 rows in set (0.011 sec)

MariaDB [python11am]> alter table person add primary key(aid);
Query OK, 0 rows affected (0.070 sec)
Records: 0  Duplicates: 0  Warnings: 0

MariaDB [python11am]> desc person;
+-------+--------------+------+-----+---------+-------+
| Field | Type         | Null | Key | Default | Extra |
+-------+--------------+------+-----+---------+-------+
| aid   | int(20)      | NO   | PRI | NULL    |       |
| name  | varchar(100) | YES  |     | NULL    |       |
| dose1 | varchar(10)  | NO   |     | NULL    |       |
| dose2 | varchar(10)  | YES  |     | NULL    |       |
+-------+--------------+------+-----+---------+-------+
4 rows in set (0.012 sec)

MariaDB [python11am]>
MariaDB [python11am]>
MariaDB [python11am]>
MariaDB [python11am]>
MariaDB [python11am]> alter table person modify name char(100);
Query OK, 6 rows affected (0.037 sec)
Records: 6  Duplicates: 0  Warnings: 0

MariaDB [python11am]> desc person;
+-------+-------------+------+-----+---------+-------+
| Field | Type        | Null | Key | Default | Extra |
+-------+-------------+------+-----+---------+-------+
| aid   | int(20)     | NO   | PRI | NULL    |       |
| name  | char(100)   | YES  |     | NULL    |       |
| dose1 | varchar(10) | NO   |     | NULL    |       |
| dose2 | varchar(10) | YES  |     | NULL    |       |
+-------+-------------+------+-----+---------+-------+
4 rows in set (0.010 sec)

MariaDB [python11am]>
MariaDB [python11am]>
MariaDB [python11am]> select * from student;
+-----+--------+--------+
| sid | name   | course |
+-----+--------+--------+
|   1 | robin  | python |
|   2 | aman   | aws    |
|   3 | ram    | python |
|   4 | rajat  | aws    |
|   7 | naman  | python |
|   8 | tanu   | aws    |
|   9 | bharat | python |
|  10 | gaurav | aws    |
|  11 | deepak | aws    |
|  12 | deep   | aws    |
+-----+--------+--------+
10 rows in set (0.001 sec)

MariaDB [python11am]> select * from student group by course;
+-----+-------+--------+
| sid | name  | course |
+-----+-------+--------+
|   2 | aman  | aws    |
|   1 | robin | python |
+-----+-------+--------+
2 rows in set (0.002 sec)

MariaDB [python11am]> select count(*) from student group by course;
+----------+
| count(*) |
+----------+
|        6 |
|        4 |
+----------+
2 rows in set (0.001 sec)

MariaDB [python11am]> select course, count(*) from student group by course;
+--------+----------+
| course | count(*) |
+--------+----------+
| aws    |        6 |
| python |        4 |
+--------+----------+
2 rows in set (0.000 sec)

MariaDB [python11am]> select course, count(*) as no_of_student from student group by course;
+--------+---------------+
| course | no_of_student |
+--------+---------------+
| aws    |             6 |
| python |             4 |
+--------+---------------+
2 rows in set (0.002 sec)

MariaDB [python11am]>
